date,ewtf,our,ppo,sse,sac,td3
2020-06-03,1000000.0,1000000.0,1000000.0,999999.9999999999,1000000.0,1000000.0
2020-06-04,999645.961,999658.951,999967.62423,997429.7551425473,999559.0874799998,999820.3120000002
2020-06-05,1001088.248,1000998.214,1000129.2579399998,1004237.1299965231,1001102.6410199994,1000202.7860000001
2020-06-08,1001875.8,1001853.793,1000173.2593999995,1020032.7818174512,1002314.8351299993,1000815.0600000002
2020-06-09,1003559.08,1003316.077,1000377.1752099996,1023257.8136334748,1004411.0382899991,1001897.1240000002
2020-06-10,1000674.932,1000435.988,1000076.8092999994,1009656.3235311181,1001260.499589999,1000913.9130000002
2020-06-11,999674.355,999164.4690000004,1000134.4528599995,995047.8015326664,999973.7019999993,1000457.8950000001
2020-06-12,1006876.94,1006464.157,1001032.3163199994,1001402.6965878091,1006112.1813399991,999893.9500000003
2020-06-15,1004543.492,1003745.798,1000776.5810899994,981586.5335775242,1000822.1421799993,995348.0830000003
2020-06-16,1012362.332,1011770.775,1001668.0274399995,997650.5384839759,1009326.9609599991,997364.7820000004
2020-06-17,1010272.3,1009709.857,1001431.7643999995,992902.7076269763,1006386.1085499991,996427.2550000004
2020-06-18,1016270.474,1014761.142,1002048.9146699994,998285.4093694998,1011123.1157599995,996365.8200000003
2020-06-19,1020440.1,1017513.965,1002340.0785499993,1003632.5647031661,1016172.5666599993,998952.3890000002
2020-06-22,1013688.376,1010020.556,1001451.2978999992,994158.9764751904,1008598.6098099991,997530.7410000002
2020-06-23,1011460.169,1007581.721,1001279.3053699989,986635.5538303575,1005995.8796899992,996491.2010000001
2020-06-24,1015000.119,1012801.058,1001697.9648999989,994216.8048391903,1010593.608139999,999248.7340000002
2020-06-29,1031145.8309999998,1029218.045,1003903.116309999,990735.2396518812,1024523.824259999,998815.0819999999
2020-06-30,1054829.5319999997,1052289.004,1006788.6196999991,1005210.2783885946,1048855.602539999,1001772.456
2020-07-01,1086584.8379999998,1084907.6039999998,1010337.9831599987,1038725.9944052119,1082866.9562899992,1007370.6549999999
2020-07-02,1095993.3779999998,1092776.39,1010953.5192399988,1066482.0286384013,1098568.034819999,1016757.5419999999
2020-07-03,1142738.421,1138060.76,1015697.6127299988,1103866.921808304,1143437.879579999,1016478.9339999999
2020-07-06,1213240.1249999998,1209695.864,1022976.0488299989,1194032.3416664188,1222410.0161499986,1035423.3389999999
2020-07-07,1187415.4699999995,1186466.555,1020339.4581499989,1179253.6070563244,1196880.990159999,1030189.8409999999
2020-07-08,1208857.987,1201192.3,1021825.6871199986,1205214.009501014,1214657.6596299992,1030975.58
2020-07-09,1203417.5699999998,1196039.403,1021196.4912899984,1203137.1577190377,1211453.1332899989,1032876.2839999999
2020-07-10,1205302.3779999998,1194473.719,1021931.2814999983,1165262.4057524442,1203091.840079999,1023881.9079999999
2020-07-13,1185658.109,1173477.096,1019550.6421499981,1162682.6488854203,1188098.8060899992,1025760.8909999998
2020-07-14,1168851.5939999998,1156670.279,1017340.3241999979,1145369.9139558733,1167568.454459999,1016183.8009999999
2020-07-15,1163520.7,1147111.083,1016907.017959998,1132736.510809303,1163687.923719999,1016165.0649999998
2020-07-16,1083760.995,1075065.227,1008629.8470499979,1089799.881378162,1093014.5799099992,992511.3289999999
2020-07-17,1132595.039,1125761.51193,1014989.981419998,1103407.0098429709,1133045.873969999,1004193.4079999998
2020-07-20,1185874.18142,1176108.98795,1020469.903659998,1156276.6691998732,1182277.309439999,1014684.0969999998
2020-07-21,1178429.31184,1169705.36671,1019938.7089999982,1139874.8279657073,1176214.7845899991,1016297.4469999999
2020-07-22,1205979.1407,1194174.9819000002,1023259.980809998,1140617.0798400168,1190844.5250099993,1017103.7459999998
2020-07-23,1261565.99476,1246962.11842,1030959.461849998,1141220.2634194454,1225712.0185099992,1007667.0199999998
2020-07-24,1171960.25265,1162047.0469,1019640.1963099978,1096233.4080761378,1150650.5910999991,983183.5709999999
2020-07-27,1155255.0323799998,1144953.9956200002,1017118.5740499977,1086537.1651327813,1135642.972079999,976649.8209999999
2020-07-28,1175771.5285899998,1166930.2627400002,1020313.5217199977,1094268.4799704948,1151310.1840399988,983514.2519999999
2020-07-29,1212945.4031299998,1197205.0470300002,1024949.9229299976,1115018.6670521372,1185075.520229999,1002534.4969999999
2020-08-03,1291731.07719,1269204.17421,1036738.0720199978,1129571.770201755,1238278.076619999,1012929.2409999999
2020-08-04,1258541.94645,1238017.90621,1031377.8887399976,1143743.418496588,1221685.1864299988,1023430.7179999999
2020-08-05,1254531.62695,1230407.4795499998,1030909.7293499976,1128485.2291532792,1212506.7100099993,1017138.9319999998
2020-08-06,1243421.74983,1216752.47222,1027854.8312699978,1129847.95784766,1206995.294919999,1009350.2989999999
2020-08-07,1250214.0121799998,1218511.0882,1029197.6558199978,1123041.1405273746,1211955.631859999,1013545.8509999998
2020-08-10,1236164.78082,1203307.94295,1025684.6990399974,1128199.9270435649,1205792.580439999,1015771.3049999998
2020-08-11,1230403.15226,1205514.92177,1025577.7819999972,1124759.2314998265,1203689.902419999,1017912.7079999999
2020-08-12,1209057.53786,1188939.88306,1021483.6072399972,1123974.3549628507,1192597.409849999,1023598.0629999998
2020-08-13,1198514.6338399998,1178027.6945099998,1019801.9513899973,1115081.8283470892,1184350.076469999,1021370.2939999998
2020-08-14,1219685.8472399998,1196463.9011499998,1022795.8412299971,1135644.3835253504,1206776.769809999,1040311.5719999998
2020-08-17,1245693.5111599998,1215648.9205699998,1026039.7986099974,1168139.3377727296,1230666.4448799992,1054257.4549999998
2020-08-18,1250527.58966,1220145.1834900002,1027151.4796999973,1161629.7101500635,1239514.6529499989,1069688.0529999998
2020-08-19,1204294.8152,1175034.06086,1019092.7084699976,1136550.7054444693,1206821.332729999,1064262.3419999997
2020-08-20,1180785.3302899995,1151748.74238,1014637.8451699975,1120681.9827732556,1182899.1123799994,1043962.7369999998
2020-08-21,1199803.8240899998,1171638.0780200004,1018370.7774599976,1132311.46651616,1199811.509689999,1056186.0739999998
2020-08-24,1209235.36355,1180986.16222,1021164.8892399976,1131491.2084063746,1208445.066689999,1064412.18
2020-08-25,1230791.92923,1202162.16923,1026173.3691999977,1138726.2309934215,1224612.8666299991,1068477.4416999999
2020-08-26,1197961.7088,1171893.55618,1020125.5380199975,1121590.9178285412,1202879.6666999992,1076334.4416999999
2020-08-27,1203344.67351,1175421.95876,1020530.5947599976,1121746.9496919701,1205221.7928299992,1078462.2617
2020-08-28,1262942.26733,1234934.07196,1033316.5443199975,1156568.5792958494,1251072.612759999,1103941.3517
2020-08-31,1215315.49956,1188838.0249900003,1023155.8533599975,1135229.3796867551,1209062.7449299989,1088792.1217
2020-09-01,1242620.67102,1214998.0049900005,1029321.9945399974,1138601.9009804453,1227181.411839999,1082496.5517
2020-09-02,1257818.8210199997,1230648.2749900003,1033905.4428799974,1138567.8429441361,1238401.849939999,1084434.5317
2020-09-03,1257761.9210199998,1231854.83499,1034352.9860099973,1134262.9362433266,1239451.777949999,1085951.1016999998
2020-09-04,1240153.85102,1214151.25499,1030028.0018499973,1124307.832831541,1228065.951199999,1087944.0816999997
2020-09-07,1205996.96095,1182185.84047,1021516.1062699971,1113779.0563409706,1195690.230229999,1067219.3017
2020-09-08,1206961.5711299998,1181513.02912,1020296.3636199972,1132915.6633524694,1203239.711459999,1080583.8916999998
2020-09-09,1176540.36255,1152850.9471599995,1013108.6996699972,1116862.5861063513,1172193.664919999,1053433.9016999998
2020-09-10,1199508.32855,1178040.32303,1020258.844559997,1122689.7634031607,1191042.9824199989,1052755.7617
2020-09-11,1204895.0675499998,1183611.20596,1021975.0226699968,1127246.573521565,1195471.606749999,1050177.9716999999
2020-09-14,1228431.1425499998,1210332.64774,1029220.6054799969,1143513.7388567072,1217832.6809599989,1060279.8516999998
2020-09-15,1253296.72755,1240980.4039899998,1037985.153219997,1163757.7629173014,1243650.3919799991,1072877.1316999998
2020-09-16,1238795.0675499998,1222227.29104,1032661.3556899969,1149859.1509909926,1229227.6919999989,1066869.1616999998
2020-09-17,1226867.48855,1207773.09457,1029139.0330799968,1147064.176423207,1220979.989979999,1069235.5716999997
2020-09-18,1259721.61755,1241571.76629,1036621.5593299968,1189861.8539143237,1252019.2727799993,1083792.9416999999
2020-09-21,1239981.52555,1213473.90849,1028699.8430199968,1167417.9473546823,1228995.7815599989,1071858.1416999998
2020-09-22,1218455.1895499998,1193899.9089399998,1024217.9936999965,1144325.6436573733,1203116.100449999,1041337.6316999998
2020-09-23,1234474.4315499996,1223338.3617800002,1033873.3040799964,1146320.0143899922,1224082.535549999,1043955.5116999999
2020-09-24,1216584.2595499998,1200422.4782500002,1027448.6273599963,1126530.036070684,1203947.9554499988,1030009.5116999998
2020-09-25,1229017.3425500002,1221182.04397,1032954.9940199965,1135256.121911422,1218360.289499999,1026811.9716999998
2020-09-28,1237760.64055,1239962.1969100002,1039287.9700299965,1142516.0638303736,1232100.337079999,1028187.6916999999
2020-09-29,1235822.65455,1232355.1815400005,1037793.8858199965,1131267.288331922,1229669.858249999,1035131.2416999998
2020-09-30,1229920.8525499995,1225120.12352,1035969.3502299965,1125252.2900550887,1222476.2022299992,1033778.9916999999
2020-10-09,1224281.1215499998,1179421.0448900005,1019737.1071099965,1131548.2804638029,1196330.827919999,1052757.2917
2020-10-12,1255431.8795499995,1221292.9880799998,1033094.2018899965,1172656.1218202773,1236865.678569999,1082460.1716999998
2020-10-13,1255037.6395499995,1229830.97476,1036245.6756899967,1177979.9431569672,1243141.2285699989,1084506.3616999998
2020-10-14,1249076.00255,1213383.64988,1031089.3819199966,1174868.0809838718,1230965.1885699988,1088779.4116999998
2020-10-15,1245811.4425499998,1198325.33887,1024819.8987599965,1173494.1676788486,1215658.148569999,1081203.3816999998
2020-10-16,1251499.8795499995,1206241.17312,1026380.7184499966,1182066.3208917053,1219001.838569999,1078456.4216999998
2020-10-19,1248456.1385499998,1197696.64508,1022840.5501499968,1177154.1581914672,1209719.738569999,1067855.3316999997
2020-10-20,1249977.90155,1196406.0818,1022063.7420299966,1174649.8865380152,1208715.736779999,1079093.4716999999
2020-10-21,1255740.9215499996,1191312.26335,1019663.6625899966,1185369.4268168719,1206353.836779999,1088745.2617
2020-10-22,1247353.4575499997,1189228.5488299998,1019534.7397699965,1182610.4543811332,1198801.716779999,1076949.6616999998
2020-10-23,1242585.6865499998,1186354.39655,1016137.5283199968,1186667.5058437525,1191602.5567799988,1054783.9216999998
2020-10-26,1238851.97455,1158967.58209,1006418.5337499967,1168910.2565749676,1169247.7767799988,1059801.9917
2020-10-27,1234776.88187,1152989.3101200005,1004452.6436399965,1158727.9169753015,1162173.8067799988,1055360.0517
2020-10-28,1235963.83987,1187071.92012,1018923.7043999966,1158531.9850921112,1190351.5967799989,1072042.2516999997
2020-10-29,1236337.59787,1192531.5501200005,1022531.9427899967,1157302.996609778,1196934.4567799987,1084530.0117
2020-10-30,1209287.0328700002,1183765.9401200002,1019858.2235499967,1139693.0235014216,1186594.1167799986,1056264.8316999997
2020-11-02,1185539.66787,1167238.2101200002,1015097.0518299968,1128558.3242441602,1170449.8867799991,1039971.0916999998
2020-11-03,1206498.3328700005,1188381.14012,1021164.5186499967,1152210.5614508733,1187803.816779999,1051413.1716999998
2020-11-04,1215267.48087,1212862.65012,1030046.2541399968,1166828.6972693964,1206636.156779999,1065757.7816999997
2020-11-05,1233234.21687,1218849.35012,1030072.2007699969,1180492.8493104433,1222100.2267799992,1085792.2417
2020-11-06,1229079.5618700003,1208216.5901199998,1027047.6270999969,1179379.6533034435,1218409.456779999,1089022.8016999997
2020-11-09,1265498.97287,1232713.4601200002,1032781.4330399968,1202208.3356794184,1244563.3967799991,1108190.8616999998
2020-11-10,1283361.3138700002,1189950.07012,1015773.0532699968,1197205.1592402994,1217315.2467799988,1129975.2417
2020-11-11,1282995.8251200002,1187635.64012,1016233.9869999968,1201282.2770676569,1215352.236779999,1134834.2517
2020-11-12,1275919.09212,1214070.66012,1029974.7862999968,1196748.7185282041,1238434.576779999,1143401.2317
2020-11-13,1258398.6002699998,1190356.27012,1020952.4759299967,1171847.1937647057,1219511.436779999,1134159.2816999997
2020-11-16,1276450.12295,1182935.9801200002,1016678.9698399968,1191737.2954385858,1222135.7067799987,1149338.0317
2020-11-17,1282844.1296900003,1172234.2001200002,1011545.2032799968,1198653.5784388473,1216415.3068199991,1152566.7916999997
2020-11-18,1303845.2538200002,1162735.09012,1005591.123779997,1211695.135031799,1209915.7054999992,1167296.0417
2020-11-19,1312056.6368300002,1191320.87012,1018260.9783699969,1221175.3554866319,1231507.3377999992,1174125.8316999997
2020-11-20,1308719.1819200004,1196649.23012,1020746.4987799968,1217279.8094138463,1237100.7651899988,1178665.8516999998
2020-11-23,1317791.75753,1212235.54012,1030166.4369599968,1238125.1262874405,1254585.208859999,1195392.4516999999
2020-11-24,1311952.44057,1220333.73012,1034372.1117399968,1228208.3763454412,1256855.0389299989,1187895.6716999998
2020-11-25,1317841.53521,1217585.44012,1028764.9295899966,1238541.0221799405,1253800.238869999,1174195.0617
2020-11-26,1343708.3454500006,1233147.04012,1034383.1161599967,1260049.430840035,1267039.615609999,1186464.5617
2020-11-27,1350816.4497,1252238.25012,1042941.9642599968,1276338.4805845576,1286566.7154599987,1193965.1416999998
2020-11-30,1339382.2407700005,1245806.8801200003,1041001.1291699968,1268882.1849960585,1279874.3366199993,1175054.5117
2020-12-01,1373870.3153600004,1274670.39012,1053484.5504899968,1310200.9049867468,1310216.1570899992,1203355.6916999999
2020-12-02,1369517.4853600005,1269242.32012,1051971.6068699968,1305541.2517189847,1303554.016819999,1200683.8217
2020-12-03,1368336.59857,1261710.3101200005,1048362.4858199968,1296237.8324695807,1296876.3842199994,1200020.6716999998
2020-12-04,1366439.35592,1263466.86012,1050155.0445599968,1297490.2034300806,1299012.7055899987,1209154.4316999998
2020-12-07,1349539.50503,1281572.41012,1062139.3385699966,1283170.0475525812,1308129.381199999,1196910.2817
2020-12-08,1346280.5440100003,1276086.73012,1058159.2851099968,1264826.2486008203,1297969.1891899991,1191110.0217
2020-12-09,1322582.8313700005,1254551.91012,1047699.7037099969,1254840.1802526775,1272213.554549999,1168522.3416999998
2020-12-10,1311582.3113700002,1268878.70012,1054840.6659499968,1254329.7654312255,1278985.2745499993,1154472.7717
2020-12-11,1298077.30967,1252014.20322,1049795.4814799966,1234860.402920774,1269580.0635799991,1156230.4116999998
2020-12-14,1320601.3966099997,1288474.5672400002,1064347.1266999964,1260725.68042163,1293716.315679999,1165910.2116999999
2020-12-15,1317163.2792999998,1295232.00886,1069388.9781999965,1252338.6720270826,1297769.306569999,1163763.4116999998
2020-12-16,1318901.60447,1301865.79186,1075113.4105799966,1258438.987502916,1305070.1963699989,1172458.4116999998
2020-12-17,1335465.4132600003,1327408.1341400002,1087494.7488899967,1282755.8436536293,1329966.679859999,1186811.2616999997
2020-12-18,1316575.75728,1298049.1325500002,1071455.9026499966,1261723.4184735108,1304822.335519999,1176428.6416999998
2020-12-21,1317271.3905600002,1323398.94085,1086932.4178799964,1262585.0504312492,1321678.8455199993,1160374.8916999998
2020-12-22,1287234.5003700005,1311378.1712500004,1093750.8967099965,1236178.9070732028,1315700.145519999,1147112.3616999998
2020-12-23,1303552.0359000002,1342827.65173,1114082.4446199965,1253737.05378894,1349070.466579999,1166058.3816999998
2020-12-24,1291086.6753500002,1349837.72121,1123718.4818899964,1251304.7282221545,1354193.496579999,1155209.1516999998
2020-12-25,1296520.6794200002,1354837.7954099998,1135041.9382699965,1249402.3166116308,1369992.2765799994,1170567.1916999999
2020-12-28,1302843.0732400003,1371720.5060300005,1136837.6819599967,1265510.7060479631,1376957.6065799992,1179289.8216999997
2020-12-29,1309236.08245,1365326.94221,1131671.4425999965,1268795.7624259153,1370320.8365799992,1179559.3416999998
2020-12-30,1325649.9998400002,1385703.7192600002,1147554.9103699967,1283732.5699575576,1394311.1365799992,1199840.7216999999
2020-12-31,1370152.0258900002,1436002.08606,1184677.7846499966,1314654.4841062701,1453130.1365799992,1225107.2616999997
2021-01-04,1389105.0850900002,1439384.9032700004,1197465.0556099967,1307795.3071002706,1469656.256579999,1247822.2716999997
2021-01-05,1395165.7004900002,1432609.42892,1200126.4064799966,1303639.8339728662,1472670.386579999,1280683.4216999998
2021-01-06,1405852.74882,1445177.60375,1196365.2686999966,1320762.7941304129,1471030.196579999,1287048.4416999999
2021-01-07,1426859.38384,1489926.72065,1244715.7269999967,1352428.7830461974,1530192.3265799992,1310588.2816999997
2021-01-08,1415572.10668,1478421.1230100002,1211383.8418099969,1338861.414005698,1495235.2965799992,1301177.4616999999
2021-01-11,1409068.94182,1484899.6024600002,1224444.9748799969,1332438.567713984,1501196.146579999,1290103.1516999998
2021-01-12,1453436.8408300004,1542982.81386,1276490.789059997,1391509.0876876477,1582992.3065799994,1334145.3816999998
2021-01-13,1446818.0163900002,1516113.39854,1240037.7615399968,1371823.702688672,1538238.6565799993,1342669.7016999999
2021-01-14,1409938.15283,1488708.6175300002,1196216.8686299967,1332263.8366553886,1469369.2965799992,1289440.0117
2021-01-15,1419577.99143,1515332.30103,1200676.3378199968,1353985.6789084352,1473577.5865799992,1286579.9716999999
2021-01-18,1429446.58191,1525043.63356,1195571.1074399964,1360710.689067911,1465164.826579999,1311490.5516999997
2021-01-19,1422555.08071,1513219.36392,1178602.4006099966,1347741.9997042448,1442021.216579999,1280980.2216999999
2021-01-20,1407293.75043,1491174.7697200002,1183350.8946499967,1335386.6895143643,1444308.106579999,1271685.7516999997
2021-01-21,1410929.35715,1493516.03927,1184797.7278199967,1334921.1004016267,1446637.8065799992,1288214.4917
2021-01-22,1389973.44134,1465102.3748100002,1201903.8416199966,1328919.065995127,1460952.476579999,1282565.9716999999
2021-01-25,1422526.39184,1488267.9903900002,1255802.5857299967,1362561.7978826729,1524272.1965799993,1319808.7716999997
2021-01-26,1392990.11022,1451699.18039,1227293.4064999968,1330281.5134986031,1481959.236579999,1287659.5416999997
2021-01-27,1416643.0814700003,1460623.8503900005,1229263.9776699967,1336525.2993614124,1494245.086579999,1318430.2716999997
2021-01-28,1386925.86495,1422963.3503900005,1199765.3664099968,1303466.7076416756,1452709.9465799993,1280713.2316999997
2021-01-29,1389806.99323,1395257.85039,1210141.0194799965,1292623.2106550098,1463969.0465799992,1299824.3316999997
2021-02-01,1366065.58813,1405051.6003900005,1237420.9880699967,1305960.3667625329,1476781.8691899988,1271874.6016999998
2021-02-02,1349158.57257,1406954.8503900005,1286567.7782299966,1311653.0863256752,1518307.457029999,1243579.6616999998
2021-02-03,1326280.90455,1394760.3803900003,1306508.9368399966,1307038.5641981282,1524476.657029999,1219506.3116999997
2021-02-04,1317513.7383700004,1418331.2803900002,1285912.3038199965,1320917.9290918175,1499655.137029999,1210253.6016999998
2021-02-05,1339743.1255200002,1435407.5703900002,1325422.4455899966,1342060.9883486023,1541203.0770299989,1222868.7016999999
2021-02-08,1340970.13063,1438766.0003900002,1354188.4793099966,1349818.2794081734,1565625.535079999,1243361.8616999998
2021-02-09,1361263.66647,1437044.0303900002,1359321.0307399968,1352220.3333196254,1578933.5701199993,1270859.9216999998
2021-02-10,1378144.8342999998,1449958.96039,1421893.441579997,1380032.7608735766,1647906.6901199992,1280177.0316999997
2021-02-18,1399470.85202,1483427.8203900002,1410047.6721299966,1404832.2715160754,1643600.534969999,1284626.0616999997
2021-02-19,1419128.8257700002,1507961.3903900003,1390461.2723199967,1413547.1339612184,1631610.2676699993,1279164.5016999997
2021-02-22,1390245.4459600002,1484969.70039,1312228.8870099967,1370142.3119774107,1545618.188239999,1238222.6316999998
2021-02-23,1394775.48322,1507358.58039,1306534.3164999965,1381114.5507653863,1539444.723069999,1239885.9316999998
2021-02-24,1368098.6999700002,1478840.19039,1261033.9788699965,1352213.8950175305,1491959.8074899989,1223981.7717
2021-02-25,1404244.8779600002,1522815.69039,1279413.4426999968,1389062.5086508621,1523071.9594499993,1241497.7016999999
2021-02-26,1361950.58217,1473445.8303900005,1241980.901469997,1345338.4137871733,1478466.573189999,1202668.2517
2021-03-01,1352165.04199,1461110.0003900002,1283065.5228899969,1353006.6448998398,1512614.4877799992,1224320.3916999998
2021-03-02,1334365.2422600002,1442781.47039,1258689.3821599968,1328906.368771341,1481349.9719799992,1206166.8216999997
2021-03-03,1368769.8589400002,1495873.7103900004,1288613.9483399966,1376991.8994039344,1515826.341329999,1220973.0217
2021-03-04,1345165.86994,1478210.7403900004,1248239.157309997,1353158.6334319827,1471030.919959999,1185007.1616999998
2021-03-05,1333309.7407400005,1451373.2503900002,1235619.3005499968,1332298.1661863648,1458767.107029999,1185814.3117
2021-03-08,1294814.8484000002,1436972.46039,1171895.2034799969,1304047.778950128,1392339.9878299988,1151887.3017
2021-03-09,1265646.6129200002,1413025.0803900005,1170804.466509997,1285618.1537468669,1383699.0528399989,1116798.2617
2021-03-10,1270201.7902000002,1407938.0303900002,1210301.8854699966,1294064.105572795,1420187.842839999,1128179.2216999999
2021-03-11,1297173.1810100002,1450057.2803900002,1226158.029739997,1332933.2552372457,1441444.8028399989,1149204.9216999998
2021-03-12,1306972.54029,1451215.70039,1242641.088269997,1336920.105936055,1457587.3528399991,1159859.7617
2021-03-15,1292583.2056100003,1438592.4103900003,1211641.778149997,1320817.946332699,1424519.7628399988,1143530.0917
2021-03-16,1318637.7784300004,1461652.5603900002,1211303.253769997,1330556.813938722,1428201.3428399991,1157882.2116999999
2021-03-17,1311989.19843,1434563.4503900004,1233247.951159997,1313865.1376035325,1446283.882839999,1164669.3217
2021-03-18,1308989.44049,1426827.59074,1243114.4724099971,1311131.166917723,1451416.6828399987,1168456.9817
2021-03-19,1275228.6245400002,1385985.3267000003,1218354.9416999968,1278604.4380981054,1423920.252839999,1137993.9817
2021-03-22,1287289.5579300004,1398980.41201,1235214.420589997,1292685.3053637715,1441067.342839999,1151731.3917
2021-03-23,1274814.11691,1398701.7143900003,1205212.4716399969,1282669.9931615337,1410541.6128399991,1133268.7717
2021-03-24,1259265.1126800005,1379363.8502600002,1184947.318109997,1262694.6615547969,1388768.022839999,1113993.3917
2021-03-25,1256954.2249400003,1373876.5662,1192823.5890099967,1262910.223472011,1394942.412839999,1111415.1916999999
2021-03-26,1283582.81449,1394162.4310300003,1234354.2394899968,1287005.5884559145,1436933.0728399989,1138123.6416999998
2021-03-29,1286306.4300000002,1385283.64735,1240071.208049997,1281389.8327826527,1444812.552839999,1145361.8516999998
2021-03-30,1289865.70196,1392030.26735,1247836.797559997,1287633.6234935813,1451711.622839999,1151250.2317
2021-03-31,1269662.65972,1381652.2235300003,1217178.8778199968,1270968.6651424626,1416769.2428399988,1140565.2016999999
2021-04-01,1288263.06051,1390606.4118500005,1259377.082109997,1287910.455939319,1458094.502839999,1153602.9316999998
2021-04-02,1293725.57125,1384773.0078300002,1284537.4635699969,1291440.8659260336,1480968.8328399989,1151285.4817
2021-04-06,1282476.1842200002,1383943.21783,1245247.5187499968,1282316.1241041292,1446925.962839999,1152935.1017
2021-04-07,1261388.6956700005,1365075.5986199998,1231160.3088899967,1268567.7893239395,1434221.0828399989,1147651.7517
2021-04-08,1267347.9532000003,1374029.23916,1231908.7074899967,1272286.432380796,1433820.9828399988,1148732.7817
2021-04-09,1240467.1157600004,1351842.8282500005,1199290.9925499968,1248134.0438206547,1398431.3428399991,1129804.2116999999
2021-04-12,1221738.6541800003,1346427.93969,1179439.738439997,1239193.7099029643,1376645.3728399992,1107060.2417
2021-04-13,1197319.5273500003,1343511.07528,1103982.114419997,1214688.0049709892,1312015.9928399993,1109458.3417
2021-04-14,1218283.0432400005,1345030.1663400002,1159585.8876099968,1230601.9993778695,1362486.302839999,1104470.3517
2021-04-15,1201319.34237,1326709.5393500002,1141822.670209997,1211469.3241909181,1343919.5228399988,1089679.2417
2021-04-16,1210903.3878100002,1334694.66955,1149497.8150199968,1215760.9325011794,1353612.9028399987,1092791.0617
2021-04-19,1235558.8237800002,1357908.46626,1177502.3965999968,1236621.2639994645,1382511.4028399992,1113037.3217
2021-04-20,1228241.84706,1350875.4314400002,1173030.024729997,1233475.7558801791,1374480.8228399989,1111947.5417
2021-04-21,1233130.71088,1349852.3170800002,1187725.211179997,1237415.8949519647,1383908.202839999,1116981.5117
2021-04-22,1225929.6395800002,1338308.0948400002,1175697.211399997,1223643.460171989,1370207.252839999,1107264.6616999998
2021-04-23,1229305.87357,1341323.2401600005,1186910.632129997,1229231.4894524172,1379247.0528399993,1118773.3017
2021-04-26,1204921.46287,1315148.87566,1178065.283019997,1207992.3404761087,1361060.852839999,1088219.8017
2021-04-27,1207167.76415,1318959.08876,1199479.764609997,1214506.2780766084,1370166.632839999,1067239.3116999997
2021-04-28,1210835.4974299998,1315586.07516,1206573.0262299967,1211731.9177110132,1377280.4428399992,1069310.4716999999
2021-04-29,1227305.2891300004,1342285.3264599997,1212373.214579997,1232220.4518076552,1384999.5528399989,1086064.2917
2021-04-30,1213291.6148300003,1317145.9471700003,1209591.7559799969,1216712.5067634892,1381501.2428399988,1070529.4316999998
2021-05-06,1186239.6560100005,1305586.0201,1164527.8459799967,1191700.498215014,1335207.642839999,1048934.1417
2021-05-07,1162389.9431899998,1294621.67879,1142789.3288499967,1180631.5055152052,1308770.162839999,1028360.0917
2021-05-10,1173644.0280100002,1293219.5041700003,1167876.2016599968,1183408.6293086575,1330794.072839999,1009508.2516999999
2021-05-11,1177026.6820400003,1295576.57479,1166688.824259997,1186877.3227398957,1331128.042839999,1015741.1716999998
2021-05-12,1180869.7578000005,1292888.12306,1175504.376949997,1187024.9625092528,1338863.062839999,1013443.1216999999
2021-05-13,1165048.2763000005,1281431.04545,1148230.553169997,1172006.3429686818,1311309.3828399987,1002638.4317
2021-05-14,1215649.3671200003,1322637.98151,1194828.8658899968,1211243.2127666564,1363754.272839999,1022140.0716999999
2021-05-17,1229545.3197500005,1321391.9515100005,1220788.775889997,1215335.2094713703,1386426.492839999,1039790.6516999998
2021-05-18,1230885.4895700002,1328093.7041900004,1218384.1458899968,1218220.0002926323,1385570.7028399992,1038503.8017
2021-05-19,1232202.9127500004,1310234.5871400002,1233447.8458899967,1209393.1559937277,1397041.972839999,1021043.0516999998
2021-05-20,1240350.5002400002,1326498.5887,1232935.8288199967,1219312.9408582512,1399250.092839999,1032789.8916999999
2021-05-21,1217730.6307600003,1304448.2196900002,1211236.868819997,1200886.3020963233,1376587.302839999,1021278.2716999999
2021-05-24,1224577.8281800002,1302798.83089,1218155.438819997,1204150.8751712996,1386132.732839999,1030992.4916999999
2021-05-25,1285310.1208100002,1359795.95302,1277721.588819997,1257750.569142511,1444709.552839999,1059999.0217
2021-05-26,1288748.4556800004,1364185.20763,1283788.238819997,1262008.7981531299,1448237.1928399992,1070659.7216999999
2021-05-27,1293286.03026,1362493.10048,1296178.0788199971,1266060.1627721062,1461044.902839999,1070664.0417
2021-05-28,1292065.1799300003,1364286.8932499995,1294911.9988199968,1268125.0493962727,1459922.882839999,1065972.3417
2021-05-31,1273025.7641800002,1350024.99355,1265303.4788199968,1250103.94609644,1432557.982839999,1060743.9216999998
2021-06-01,1263412.7926200002,1333525.14734,1263083.502539997,1240412.6482345117,1430624.0428399993,1064854.6616999998
2021-06-02,1247419.71262,1330106.4179200002,1239603.8499999968,1230483.433778441,1408790.3728399992,1059143.7817
2021-06-03,1248183.6782500003,1322514.8492300005,1237079.4541199966,1225125.016264227,1410901.9928399993,1064447.1017
2021-06-04,1243728.9018600003,1332982.8562800002,1222134.1283199969,1226530.1902408695,1396024.912839999,1055120.2116999999
2021-06-07,1236617.5137200002,1321891.2803000002,1212631.1947699967,1215106.0340358703,1384972.642839999,1029459.4016999999
2021-06-08,1237041.60284,1323366.35098,1213514.1547699969,1215638.672635037,1386089.0828399989,1029723.2816999998
2021-06-09,1229078.4090000002,1324815.6728499995,1200028.544769997,1212660.49734468,1373823.462839999,1036467.9516999999
2021-06-25,1187276.2303800003,1276948.5467000003,1143411.710859997,1165392.4856346108,1329458.952839999,1010265.7016999997
2021-06-28,1184779.8882300002,1252878.9323000002,1165690.854769997,1155396.0229192304,1342365.0828399989,995328.5716999999
2021-06-29,1163635.1980800002,1233817.98414,1142471.918909997,1134760.5180936598,1315592.6628399992,975246.0516999998
2021-06-30,1160951.2804000005,1228492.2687200003,1142815.263849997,1136104.319731279,1315820.8528399991,985663.0516999998
2021-07-01,1160706.7786200002,1243171.0340300002,1147101.831759997,1146282.3493531116,1315087.302839999,990007.9716999998
2021-07-02,1109245.31666,1193313.5854000002,1085750.0559599968,1098054.414919733,1251836.212839999,960961.6216999999
2021-07-05,1105685.6266600003,1189116.5854000002,1079565.520629997,1091591.9110142097,1244323.572839999,948067.3016999998
2021-07-06,1116954.90977,1205357.92042,1087876.2787599969,1104342.0229306137,1254685.712839999,956007.6316999998
2021-07-07,1108869.50177,1198796.48212,1070594.0931499968,1095707.9010600906,1240087.622839999,956899.9816999998
2021-07-08,1086098.5641,1160655.60084,1046948.637659997,1065187.0184708775,1216491.362839999,935870.0916999999
2021-07-09,1079082.0024100002,1151731.5289100006,1035563.7360399971,1055908.2082737589,1208341.4528399988,939995.0716999997
2021-07-12,1101708.1970000004,1149052.52813,1086350.8811299969,1067518.857074163,1250587.162839999,944690.0316999999
2021-07-13,1107730.8996500005,1151902.0159599998,1097947.1263699972,1072034.1963822343,1258357.8328399989,957371.9316999998
2021-07-14,1083448.4378000002,1122419.04744,1072699.261549997,1045867.0895338309,1228290.262839999,941194.6716999998
2021-07-15,1102290.5479400002,1159245.1281200005,1085997.9306199967,1074180.8707747343,1241547.572839999,948430.9016999998
2021-07-16,1088210.7320300003,1151929.8630500005,1057708.486749997,1063039.2290109966,1219486.672839999,940319.5916999999
2021-07-19,1104701.9753400004,1152020.53707,1096600.7231399969,1070638.6798587344,1252284.942839999,945913.4816999999
2021-07-20,1100242.42094,1137708.03537,1101907.959519997,1061437.3813889492,1254052.762839999,942642.7716999999
2021-07-21,1095169.9343400002,1133364.28362,1079008.165819997,1051538.2058784973,1234678.762839999,937448.5517
2021-07-22,1103499.28646,1145943.15751,1076028.332189997,1058308.5168623542,1234856.3128399989,945471.4016999999
2021-07-23,1094171.7386400003,1135336.2112900002,1061192.878579997,1045518.6406735213,1219598.5528399989,927365.3117
2021-07-26,1049146.9268500004,1083718.98604,1011127.9549799969,995081.937138881,1164228.272839999,896077.6516999999
2021-07-27,1012419.2696800004,1048113.31557,975937.2816399969,961220.1720808825,1126599.162839999,859012.4416999999
2021-07-28,1012744.2079900004,1056574.64085,969833.681599997,967078.5179350488,1117534.672839999,860560.0816999999
2021-07-29,1019799.9914600004,1058663.57883,987436.1388399969,974089.542877739,1132577.912839999,859091.1016999999
2021-07-30,1000671.9415600004,1056316.3104300003,944238.616209997,960242.820369597,1094464.2528399988,862068.5116999998
2021-08-02,1021153.7394700004,1075747.8699400004,949115.003469997,972494.0559878821,1103656.5828399989,884354.8116999998
2021-08-03,1038995.9093100004,1079983.1102400003,989768.240079997,986697.711564667,1140806.832839999,904450.8516999999
2021-08-04,1036797.6073100002,1068271.6193,992956.2867699969,979889.7549364055,1143001.6428399992,903424.5316999998
2021-08-05,1035912.9427800002,1071560.9784100002,993945.5734399969,983315.6152358574,1143904.752839999,905094.5716999999
2021-08-06,1035045.4257500002,1071625.9739600003,985653.290189997,980807.8093036198,1135056.4428399992,904257.4416999999
2021-08-09,1064063.8080400005,1101126.67234,1016497.7169999969,1008503.7947342849,1166795.872839999,928527.9616999999
2021-08-10,1079392.9292000006,1114412.03442,1038587.0605699971,1023844.46997507,1187092.6028399991,937138.7216999999
2021-08-11,1072641.2272100004,1115211.9615500004,1018253.686769997,1019518.3818421417,1169715.682839999,933176.4416999999
2021-08-12,1060320.7539400002,1101093.33391,998913.623009997,1004753.794043428,1151044.7128399992,920712.3816999998
2021-08-13,1065125.3202300004,1102091.83334,1010573.8093999969,1007244.8303318803,1160454.402839999,924037.5617
2021-08-16,1069363.1322100004,1108712.9315300002,1023094.9857399969,1013535.9483809514,1171854.092839999,920816.2616999999
2021-08-17,1049376.2533400003,1091035.26297,972329.3316699968,988933.7028543812,1128739.172839999,910286.7616999998
2021-08-18,1077711.813230001,1132097.99219,957437.6878299969,1012992.4499951181,1123784.032839999,919075.0916999999
2021-08-19,1049144.5926400004,1095646.62369,948281.723599997,985390.1835537623,1110024.3828399992,904389.3816999999
2021-08-20,1032791.63336,1081121.34141,924263.519889997,969728.2961854773,1084445.742839999,892469.7616999999
2021-08-23,1039064.2510000002,1084801.66441,935613.696149997,973812.8558755723,1094003.342839999,896604.0116999999
2021-08-24,1043145.74374,1081488.37426,954074.862269997,975263.4373352153,1110416.922839999,896528.7716999999
2021-08-25,1035920.8388700004,1076481.70302,967742.1983599969,975747.9535047151,1126369.4528399988,907163.9416999999
2021-08-26,1016038.1128100004,1050424.84183,957297.884599997,956397.2923410255,1115357.422839999,900686.9516999999
2021-08-27,1024743.7605900002,1070698.2348400005,950459.3811699969,969445.1999699295,1112449.662839999,901569.6216999999
2021-08-30,1004949.6747300002,1046752.4582100004,940526.217759997,949967.9204810734,1099261.182839999,881199.6516999998
2021-08-31,1019513.3410500004,1052293.1242000002,915928.2747099969,945955.5929166689,1089076.9328399987,916020.7616999999
2021-09-01,1070501.14217,1089927.68652,951054.2215299968,981021.3010740005,1128772.2328399988,958001.4116999999
2021-09-02,1070032.9448500003,1094868.7283900003,929908.0015299969,978840.3310873578,1111195.3828399992,954222.2716999999
2021-09-03,1072435.0816400002,1102683.68816,951072.5515299968,987051.8957498098,1129464.772839999,962582.8916999999
2021-09-06,1088526.1502,1103858.65675,969831.8815299969,991332.6830583571,1149268.8028399989,972570.2116999999
2021-09-07,1103175.9941600002,1120399.6310800004,990314.771529997,1009238.4011248564,1171233.8828399992,979489.5116999998
2021-09-08,1089015.66666,1111727.3202100005,986315.661529997,1001416.5961451187,1164813.592839999,965386.1216999999
2021-09-09,1081536.0813500003,1105842.8890400005,973810.0615299968,993686.0957914047,1152608.3128399989,958516.6816999998
2021-09-10,1093611.9009600005,1121160.47442,1002761.461529997,1011059.4370571659,1178909.752839999,970391.3116999998
2021-09-13,1080105.8037400004,1113574.56952,989725.6915299969,1001317.587857928,1162073.742839999,952981.3216999999
2021-09-14,1055182.8714000003,1084611.1106000005,969250.7715299969,976514.8726087391,1138547.452839999,931608.5717
2021-09-15,1045371.2196500005,1075955.2123100003,935076.481529997,960278.4976776682,1107426.732839999,917947.3416999999
2021-09-16,1037136.1268700004,1069254.2333800003,949406.4515299969,960302.6219180493,1115445.072839999,913384.3316999999
2021-09-17,1048362.8962800005,1066492.7731300003,970106.0815299968,963730.8626439538,1135920.302839999,927609.8016999998
2021-09-22,1035569.1644100004,1044924.32631,933640.1676399969,939738.5395822885,1102070.782839999,912324.2016999999
2021-09-23,1038194.3249500004,1050978.4191700004,925487.6140499971,941208.6153286214,1099214.1428399992,914813.9116999998
2021-09-24,1035691.2975400004,1051940.4922300002,953032.394049997,948597.2845045258,1122237.932839999,918174.0316999999
2021-09-27,1038494.6690000003,1063571.5009400002,978568.7540499971,962881.7339852398,1143799.8828399992,918786.7316999999
2021-09-28,1048268.3783000002,1073735.4532400002,975865.1703799969,969384.5790893583,1141565.8528399991,926915.1216999999
2021-09-29,1046589.5670300004,1079010.4280300003,970010.3766399969,970372.3591047152,1134601.632839999,929684.3417
2021-09-30,1037812.5266300004,1061850.5698800003,989629.9227999969,965029.2567985728,1149068.292839999,930625.1916999999
2021-10-08,1080476.7044200003,1116153.5140800003,1027768.749239997,1010862.3998028324,1196709.092839999,965810.9316999998
