date,ewtf,our,td3,sac,ppo,sse
2020-06-03,1000000.0,1000000.0,1000000.0,1000000.0,1000000.0,1000000.0
2020-06-04,996781.911,1000020.936,999895.709,999896.6,1000000.0722399999,852687.2542080713
2020-06-05,996677.02,999953.848,999791.5160000001,999798.297,999999.38428,850176.6260993461
2020-06-08,996003.173,1000013.792,999746.3720000001,999744.04,999999.4366,839695.2386279107
2020-06-09,996242.545,999886.715,999960.241,999969.799,999998.2688600001,844020.6481973582
2020-06-10,997210.853,999533.669,1000549.055,1000578.5,999990.0413800001,856024.4056017232
2020-06-11,996395.964,999380.693,999846.75,999906.078,999984.51552,848229.2671334596
2020-06-12,996750.208,998957.742,999308.561,999388.767,999978.51056,849906.5095007328
2020-06-15,994773.399,997818.851,998910.448,998974.529,999946.54644,839283.2334915715
2020-06-16,996817.835,998014.102,999345.384,999382.342,999953.4463,850279.6918196426
2020-06-17,998051.042,998381.331,999359.271,999406.1089999999,999960.9253799999,855647.0993652774
2020-06-18,996571.124,998972.523,997725.156,997694.8729999999,999967.8436999999,846104.7730221561
2020-06-19,1002758.3390000002,999713.661,997803.189,997772.7919999999,999982.6013799998,869090.1684259471
2020-06-22,1003560.0370000002,1000451.737,997056.2150000001,997090.7039999999,1000001.1978199998,870444.5209373872
2020-06-23,1006496.6720000004,999706.756,996056.2980000001,996118.668,999982.5928199998,879310.1704054275
2020-06-24,1011714.0960000004,999688.828,997115.452,997237.701,999990.8691399997,896598.0837701678
2020-06-29,1010096.1710000002,998485.9009999998,994853.535,995023.659,999961.3048999998,890285.1714750685
2020-06-30,1012254.3460000004,1001033.049,995136.7590000001,995323.755,1000017.6224999997,894909.6295020937
2020-07-01,1013100.3930000004,1000724.047,999810.9660000001,999871.833,1000017.8567799996,901900.5396146097
2020-07-02,1012968.3920000003,1001690.062,1002255.9130000002,1002373.6579999999,1000061.0510399996,903565.7968465432
2020-07-03,1019510.3970000002,1002147.0259999998,1002769.7310000001,1003127.3509999999,1000114.9230199995,918999.7515339685
2020-07-06,1024301.0740000004,1007414.9669999998,1007152.5230000002,1007783.0059999999,1000345.3722999995,930951.1222983829
2020-07-07,1027164.5220000003,1007433.657,1006244.1060000003,1006852.439,1000345.2305999994,936098.7701446926
2020-07-08,1032044.8390000004,1009684.346,1006536.7300000002,1006684.914,1000376.3688999993,944458.3053894963
2020-07-09,1046569.9430000002,1010592.937,1009698.3410000001,1009630.396,1000375.7458399993,973824.9154725778
2020-07-10,1040375.4410000002,1009564.49,1004066.8200000002,1002923.755,1000178.6027999993,957783.1662201665
2020-07-13,1057906.1860000002,1014163.084,1007596.5240000002,1006141.382,1000251.2676399993,988855.8216570624
2020-07-14,1051487.2560000003,1011567.501,1007725.0920000003,1006215.885,1000176.6096799994,979126.372555741
2020-07-15,1050879.563,1005124.014,1003770.6550000003,1002457.385,1000020.7944799993,978113.7574919983
2020-07-16,1021337.8910000004,998653.757,998544.3590000003,997405.019,999891.9048399993,930954.0863641119
2020-07-17,1031489.2370000002,999580.723,1002648.2430000002,1001478.8269999999,999906.7796399993,948568.562448741
2020-07-20,1047621.2440000002,1003018.658,1020993.9900000002,1019483.499,1000002.7539399994,981806.145719657
2020-07-21,1073169.7300000002,1006055.482,1015323.1450000003,1013684.59,1000051.2651399993,1013728.9403129949
2020-07-22,1072192.4170000004,1004864.211,1015415.4770000002,1013776.862,1000017.4748199993,1012842.6202237946
2020-07-23,1089070.133,1002922.976,1015748.8060000002,1013804.131,999948.6655199993,1035951.8620260909
2020-07-24,1046944.3520000002,996269.798,1007447.1250000002,1005572.3990000001,999764.4382399992,978915.5694898148
2020-07-27,1048976.7740000002,996014.81,1010428.6810000002,1008625.9020000001,999739.1162199993,983198.4189415656
2020-07-28,1058355.1390000002,997047.829,1010977.1540000002,1009211.3200000001,999767.8548999992,994754.3768941022
2020-07-29,1069583.25,1002668.8199999998,1014162.6120000002,1012396.7220000001,999903.0127999992,1008243.9044632643
2020-07-30,1075608.065,1004069.6629999998,1017041.9860000003,1015315.0400000002,999923.9471399994,1016333.1620189257
2020-07-31,1089707.725,1006386.4699999996,1016995.2860000002,1015188.2830000002,999968.6209399994,1031703.2282026472
2020-08-03,1093254.032,1006957.2189999996,1020473.5870000002,1018584.5290000002,999990.6336199993,1037033.1983094001
2020-08-04,1097013.252,1003173.9539999996,1023028.8030000002,1020971.6920000003,999953.5457599993,1043033.7882873524
2020-08-05,1112257.3820000002,1010136.7789999996,1019065.9580000002,1017309.7980000003,1000081.5587799994,1056004.990971198
2020-08-06,1097276.157,1009209.4419999996,1016727.2050000003,1014618.9890000003,1000047.1088199994,1039563.6727712675
2020-08-07,1082225.272,1004481.1259999996,1016585.5050000004,1015512.2410000004,999968.6796399994,1026058.8738199795
2020-08-10,1095222.721,1011055.9149999996,1017774.8080000003,1016103.4730000003,1000101.9521999994,1037566.8267949478
2020-08-11,1084109.887,1004660.5609999998,1012316.0850000003,1011114.6920000003,999978.6818599993,1026353.0251254829
2020-08-12,1063929.289,1011233.3429999998,1005253.4780000002,1004100.0170000002,1000115.8341399994,1003161.981552686
2020-08-13,1056167.1110000005,1013630.9879999998,1005100.0180000002,1003799.4880000001,1000155.8835599993,995347.4155666545
2020-08-14,1061847.0910000002,1013477.5839999998,1007393.5610000001,1006042.9650000001,1000166.7521599993,1001377.8395105322
2020-08-17,1071312.9570000002,1019492.1829999998,1016363.0580000002,1015165.3970000001,1000361.4405399993,1011954.0770852974
2020-08-18,1078468.637,1015172.664,1016252.3790000002,1015106.6500000001,1000250.0250999993,1019073.4730035469
2020-08-19,1053273.0884400003,1007378.228,1013860.7020000003,1012237.9040000002,1000058.0317999993,997866.2915104517
2020-08-20,1041641.7630800002,1007158.939,1005808.0700000003,1004239.2120000003,1000016.8621199992,985091.0393457817
2020-08-21,1038397.0830800002,1003195.654,1006351.5870000003,1005002.6680000003,999952.9331999993,983347.2021539222
2020-08-24,1052282.0430800002,1005712.441,1018833.0940000003,1017428.1100000003,1000002.0854399991,999104.3366601319
2020-08-25,1055013.5230800002,1004626.183,1016888.3780000003,1015654.3300000003,999978.0167999992,1001068.2557323744
2020-08-26,1053989.0430800002,1003288.944,1013981.6960000002,1013153.5810000002,999930.328579999,999673.9527698035
2020-08-27,1062388.8030800002,1005940.728,1012264.0640000002,1011494.8750000002,999978.581179999,1005883.6060359718
2020-08-28,1084402.4030800003,1005997.4669999998,1021617.4610000002,1020668.1970000003,1000012.0529599992,1027669.9401980408
2020-08-31,1073069.5230800002,1006726.2049999998,1015022.7020000003,1013341.3660000003,1000005.8241799991,1015383.4044795024
2020-09-01,1056380.4830800002,1004738.9309999996,1011544.0510000002,1009552.6550000003,999959.8154999992,1000167.695240432
2020-09-02,1060571.5230800002,999592.9309999996,1007316.4560000002,1005577.0050000002,999841.2475599992,1003428.231978609
2020-09-03,1048503.3556900002,997141.166,1006477.9280000003,1004482.4180000003,999763.0414999992,993193.860723964
2020-09-04,1042250.9535900004,1008600.618,1005366.4130000003,1003565.8480000002,1000015.1166599992,986287.5553571492
2020-09-07,1011093.2386600004,1008279.162,997703.9150000004,995837.2920000002,1000038.7479399992,957826.4673542955
2020-09-08,1017294.0726200002,1009695.163,1002186.5330000004,1000453.8530000002,1000143.1388599991,964384.3983436285
2020-09-09,985743.6417400002,995657.09,994156.0840000004,992287.3450000002,999811.1682199992,936778.1855587625
2020-09-10,982950.6548600002,993373.513,994701.7530000004,993039.9570000002,999736.5224599992,935083.8353773358
2020-09-11,987289.9529200002,995894.006,995115.4140000003,994153.5580000002,999816.1977799992,939046.4368579253
2020-09-14,993411.2667700002,1000730.425,1003700.0690000003,1002454.1430000002,999936.7719599993,947365.5705981174
2020-09-15,998155.3200300004,999259.807,1004629.6030000002,1002375.6110000001,999843.0444399993,950589.7008767964
2020-09-16,990335.3434300002,998428.126,1005645.1240000002,1002807.0800000002,999854.5982199992,944876.174221082
2020-09-17,973336.4779800002,994276.573,1000606.6310000002,997842.5430000002,999814.5118399992,929980.0685910584
2020-09-18,988812.8450400002,997481.258,1012225.2060000002,1009611.0730000002,999931.3859999992,946623.8775856318
2020-09-21,978297.22311,994863.773,1010090.6260000002,1007248.4460000002,999879.5785999992,937965.6160643083
2020-09-22,970533.9992100004,991498.444,1001229.0740000003,999233.8500000002,999782.4318799992,928430.8931941442
2020-09-23,987756.9138100004,995628.199,996620.6370000002,994937.3580000002,999763.5864199993,938322.2704949679
2020-09-24,972215.1913300002,988588.665,988161.2590000002,986872.9210000001,999564.3811999992,922845.6268174234
2020-09-25,977022.1203200005,989433.362,983514.9880000001,982786.5860000001,999545.0584999992,923884.4352011415
2020-09-28,966923.2480500002,987923.969,980106.7750000001,979783.3020000001,999625.9360399992,915801.7823571592
2020-09-29,993453.3289500002,995802.688,976656.6040000002,975841.0550000002,999589.7325799993,931397.3752811351
2020-09-30,996769.3825100004,996391.003,971338.4750000001,971020.8560000001,999559.7295599993,930756.8471207063
2020-10-09,1017125.9587800002,1005588.2560000002,974944.4100000001,973954.7150000001,999727.6068999993,946901.9198382598
2020-10-12,1052702.7845000003,1017614.1780000004,986583.3020000001,985508.5390000001,999921.2822399994,976310.671203663
2020-10-13,1058816.12474,1018817.6100000002,982191.0570000003,981202.2270000001,999809.3552999994,977588.4734958396
2020-10-14,1050189.6518000003,1014216.9640000004,974267.8630000001,973800.9650000001,999661.3296599993,966857.1701780964
2020-10-15,1054855.1947200005,1014859.4560000004,974349.7600000002,974850.788,999664.7257199993,969611.7860016712
2020-10-16,1047226.5958100004,1013738.9030000004,969181.6560000002,971106.5989999999,999883.5417399993,962941.4460413741
2020-10-19,1021545.91359,1004051.4010000004,960265.6100000002,963270.452,999896.0152999993,941619.8580547584
2020-10-20,1038473.5610300002,1008755.2380000004,962261.6630000002,963901.392,999650.1887199993,951867.8253500303
2020-10-21,1040022.8336800004,1008120.8990000004,960231.6940000003,962331.325,999607.7448399994,950224.3153394783
2020-10-22,1038216.2428700004,1008120.5720000004,952041.7470000002,954978.275,999646.6814199993,945001.1160351832
2020-10-23,1005454.2662200005,994838.2440000002,952129.8880000003,954596.304,999618.3575799993,925355.127292447
2020-10-26,1007198.2730600004,996688.3440000002,940534.0280000003,942620.337,999604.9340399991,920081.2489078061
2020-10-27,1038300.1936800004,1008149.3850000002,946672.2900000003,948662.496,999480.0106399992,940556.0162028719
2020-10-28,1045145.1355100002,1010637.0830000004,940652.4880000002,941381.592,999307.2285399992,939960.2389913311
2020-10-29,1069549.69391,1020081.7120000004,940940.7480000003,941865.763,999197.3482199992,952565.4117757434
2020-10-30,1067922.1711200003,1020895.0840000004,928857.0050000002,929880.929,999270.4890199993,945953.8054222298
2020-11-02,1080287.2894900003,1026901.4230000004,931151.3840000003,931675.216,999298.3690799993,955120.1142531353
2020-11-03,1078856.2740200004,1026872.5850000004,937508.7400000002,937830.4849999999,999441.6688599993,959092.0267662867
2020-11-04,1093433.53264,1031721.7260000004,966981.0330000003,968118.693,999476.2272199992,982855.6182963786
2020-11-05,1109780.33961,1040004.7550000004,968211.0370000002,968936.6039999999,999558.5052399993,993059.8978402527
2020-11-06,1106648.2409800002,1039426.5590000004,969869.0290000001,970594.507,999720.6224599993,993934.9093743347
2020-11-09,1134943.2105100004,1055001.3460000004,976583.0050000001,976888.3939999999,1000014.4981199993,1016401.9798928091
2020-11-10,1140619.91406,1058385.6890000005,961948.9170000001,963314.2209999999,1000031.3309799994,1011010.1188049093
2020-11-11,1095536.3639100003,1034303.9680000003,984947.9670000002,985778.1759999999,1000076.1436799994,997703.7833850455
2020-11-12,1115504.70632,1045092.8170000004,982349.8020000001,983827.9209999999,1000104.0959599992,1008562.4770929267
2020-11-13,1119540.5737400004,1048203.4060000004,971988.6610000002,973030.6839999999,1000147.5679799994,1008215.7458388383
2020-11-16,1148754.15834,1062726.8690000004,992662.6150000002,992824.5459999999,1000099.0395999993,1033040.0540645588
2020-11-17,1110947.8687900004,1043455.0390000005,1004089.3810000002,1004584.2279999999,1000376.4116599992,1023099.1897533023
2020-11-18,1015504.1100700004,992901.5450000004,1001619.0440000002,1002673.8039999999,1000687.6412199992,976425.6898411931
2020-11-19,1025005.5669400004,998401.0170000002,993250.7290000002,995548.3969999999,1000739.4879999991,976073.5459453384
2020-11-20,1044563.5598200002,1008936.4000000004,986518.4880000001,987904.0529999998,1000639.034319999,981951.3205041696
2020-11-23,1030141.8989800004,1001789.5730000004,995942.3060000002,998247.7759999998,1000924.101519999,981473.0749424068
2020-11-24,1007377.6938400004,989085.8460000004,998140.0420000001,999517.409,1001009.806239999,974083.0147177463
2020-11-25,980338.0538400004,973435.2920000004,978243.7590000002,980791.031,1000953.5102199991,950276.154271631
2020-11-26,987641.6138400002,978152.0480000004,971511.6460000002,975710.8129999998,1001017.094679999,949054.4759196722
2020-11-27,986355.9638400002,979133.7590000004,977931.5900000002,984986.6379999999,1001547.6985999991,954016.0964233776
2020-11-30,991284.5638400004,982058.4040000004,990525.4800000002,998420.3849999999,1001422.7580599991,958758.6338079791
2020-12-01,1039283.6938400004,1013788.1060000004,988341.2650000002,997567.0199999999,1002238.1585599991,989934.3871832767
2020-12-02,1035819.4238400004,1011412.0270000004,986749.0680000002,994998.6619999999,1002325.8523199991,987884.0269333053
2020-12-03,1054147.3838400005,1023308.9510000004,978624.8840000003,987612.325,1002146.1253599991,990713.710943279
2020-12-04,1062145.5638400004,1027807.7480000004,982834.7660000003,990582.048,1001922.7798599992,997015.8946091635
2020-12-07,1062178.0838400004,1027110.4710000004,961203.6140000003,967950.747,1001560.1361599992,984600.2609408819
2020-12-08,1060739.4538400003,1025064.4710000004,950739.6350000002,955470.6269999999,1001257.5953599992,978335.3536233511
2020-12-09,1041414.9318400002,1011766.2227300004,943748.7390000003,948352.6059999999,1000744.3769599992,959326.220176988
2020-12-10,1049025.7878600005,1016001.6083500003,943230.8980000003,946298.641,1000654.6425999992,964333.1715554848
2020-12-11,1042698.7572900002,1011265.0163900004,936517.0610000002,939197.6919999999,1000556.4689399991,958568.4825478386
2020-12-14,1081134.4274800003,1037577.4904900003,931441.2760000002,934121.798,1000525.1360399992,973827.7828839895
2020-12-15,1105618.8069000002,1054144.7116100003,946238.5300000003,947739.943,1000338.9833799991,992730.4354908465
2020-12-16,1125118.91732,1067982.9219400005,939500.6710000002,941661.9839999999,1000222.6921399991,998143.5605285418
2020-12-17,1168879.3017000002,1098708.0402300004,942686.8630000002,944582.071,1000440.681779999,1024259.6859224404
2020-12-18,1158365.7656500004,1090691.0627300006,947103.0310000002,947658.1359999999,1000065.3497799991,1016501.340530944
2020-12-21,1172860.6656100005,1100576.1156100004,941292.1660000002,941847.178,1000216.4205799991,1024246.959770669
2020-12-22,1183704.6369900005,1106962.2886400004,922926.3440000003,922937.2629999999,999680.4502599991,1017186.3618954143
2020-12-23,1190609.4515000004,1111749.5001100006,919221.6570000002,919232.487,999833.763879999,1020612.4996971497
2020-12-24,1197132.8547200004,1116244.1153100005,920181.9970000002,921434.7379999999,999756.3563799991,1023154.4438046643
2020-12-25,1245520.0789000003,1148057.2153500004,916979.3300000002,918092.973,1000050.909439999,1049454.7601091394
2020-12-28,1221103.2323000005,1131872.9938500004,902413.6860000002,904367.232,999949.980379999,1030387.8595991654
2020-12-29,1224696.73393,1133987.8459900003,920738.1460000002,922691.5889999999,999786.292039999,1038266.7651423806
2020-12-30,1242383.55233,1146447.6551000006,918744.4760000003,920271.816,999993.484859999,1049404.4032098511
2020-12-31,1273955.92773,1168823.4501300007,923457.8200000002,925128.0599999999,1000099.176219999,1067459.6551992546
2021-01-04,1295361.9810500003,1183949.9961300008,932956.1310000002,934194.2699999999,1000289.1268399991,1085430.4957515916
2021-01-05,1339427.7380500005,1216033.6536400006,927005.3760000002,926648.4169999999,1000970.4961399991,1113953.5069536984
2021-01-06,1356810.2360200002,1227257.7872200008,988757.6620000002,986940.6159999999,1000841.8807399992,1145726.5840096127
2021-01-07,1376159.24422,1241922.3417200006,973463.5250000001,973704.402,1001288.626219999,1153875.8638962875
2021-01-08,1379087.4380000003,1244187.2408300007,996693.4920000002,996638.2779999999,1001566.7286599991,1167680.355667268
2021-01-11,1390278.3176800003,1253637.5236700007,996389.3020000001,999164.999,1002159.609219999,1178688.7346944665
2021-01-12,1413059.6769600003,1271068.243270001,1004033.1140000002,1006208.703,1003089.4657999991,1203006.2843348351
2021-01-13,1349118.1819900004,1225574.5068500005,1012633.8750000002,1012997.36,1002992.676179999,1169976.6689365397
2021-01-14,1344298.47259,1220268.5410300004,1001379.5790000001,995662.972,1002782.767199999,1158618.6590257348
2021-01-15,1320455.8785000003,1204646.4952200006,988368.3570000002,988465.698,1002715.299599999,1139405.6816242873
2021-01-18,1357516.7443200003,1231896.3847600005,981740.2200000002,983377.4709999999,1003309.592439999,1161073.3887209822
2021-01-19,1354861.2385800004,1230121.2527500005,978324.1260000002,984611.277,1003018.041419999,1152240.956119971
2021-01-20,1451830.4843800005,1296514.2104000004,961626.0540000002,965260.51,1002808.8522799991,1195200.9005089428
2021-01-21,1503901.00906,1332273.9300000006,949060.0890000002,952840.867,1002877.784479999,1218270.6751316946
2021-01-22,1645368.0411700003,1431790.6317500006,931990.2040000003,934947.308,1002950.3162399989,1288244.3413407782
2021-01-25,1717876.5705300004,1480452.4578900004,943591.4270000003,947447.4097999999,1002380.9475399988,1322967.0826324823
2021-01-26,1613318.5353000003,1405824.6378300006,925825.5770000002,930819.0631899999,1001843.2024199988,1256393.2320327356
2021-01-27,1583196.8283500003,1385276.3179600006,922116.8380000002,928129.9231899999,1002029.8206599989,1240811.1707131746
2021-01-28,1543516.7473400002,1356794.0594600006,905172.4995000003,912700.8531899999,1001533.9577399988,1211263.1082585056
2021-01-29,1555410.5814000005,1365128.1527100008,899043.4995000003,908580.5531899999,1001599.0178799989,1213837.3349079825
2021-02-01,1600595.6287200006,1396990.2277500008,900658.9995000003,909546.9531899999,1002061.3576199989,1241825.8477356855
2021-02-02,1624882.9703600002,1412569.2668300008,892920.4995000003,900998.9131899999,1001919.3145399989,1250166.664261048
2021-02-03,1667510.6412200003,1439306.5763300008,886302.4995000003,895099.0631899999,1001268.4523199989,1263622.1050743258
2021-02-04,1615981.9993100006,1403820.2950800003,875337.4995000003,883691.8231899999,1000934.3140199989,1230817.3076179582
2021-02-05,1644249.5219700004,1422740.793020001,894850.2495000003,907160.7131899999,1000987.9377199989,1247701.3348090083
2021-02-08,1651902.6388500002,1429145.7812200007,912268.9995000003,923813.9331899999,1001332.5610999989,1261196.0172750906
2021-02-09,1697374.7583200005,1459226.6565400006,911466.4995000003,921613.8931899999,1001424.2224399988,1285228.6299882005
2021-02-10,1724516.8344000005,1478926.4568600007,923558.7495000003,937936.9531899999,1001974.7032399987,1304442.6383690317
2021-02-18,1605819.6174300003,1400194.8037100008,925822.2495000003,937965.2931899999,1002266.9608199988,1249633.3901746632
2021-02-19,1617657.76719,1409600.4696300006,973570.9995000003,981150.7031899998,1002571.2966999987,1275460.1647608152
2021-02-22,1475242.4411400005,1312410.0438800007,970349.7495000003,980072.8831899998,1002317.1108199987,1196834.583997241
2021-02-23,1453434.8718200002,1296869.6311000006,938578.9995000003,951225.5731899999,1002355.4663999988,1172707.0889626953
2021-02-24,1392729.6310800002,1257049.8369000007,949543.2495000003,958493.9431899999,1002274.3617599988,1150224.8114983067
2021-02-25,1383895.1792200005,1252443.9052500008,975361.2495000003,983471.5531899999,1002769.8175799988,1155493.857167085
2021-02-26,1350613.4188700004,1230528.2156800008,952609.9995000003,962635.05319,1002773.2305999987,1133133.6863234916
2021-03-01,1396148.39547,1262216.1637400007,951004.9995000003,959666.0631899999,1003242.0635999987,1159161.7596343732
2021-03-02,1335430.6767500003,1222452.8127000006,953574.4995000003,960863.8431899999,1003112.3139799987,1133294.8090703504
2021-03-03,1369587.0094500005,1246789.2132500007,969873.4995000003,981233.88319,1003948.3850799986,1155923.8077883273
2021-03-04,1304519.2509200005,1200965.272930001,953424.4995000003,964749.8431899999,1003187.4715599987,1109997.8645839507
2021-03-05,1278445.1341900004,1181990.533390001,921341.7495000003,932152.0531899999,1002894.5222199988,1080757.6139116236
2021-03-08,1182195.6538600002,1118493.493910001,917623.9995000003,928453.5331899999,1002456.4544799987,1030221.0986838003
2021-03-09,1192188.5285300002,1122443.9576700006,908595.4995000003,917366.2131899999,1001553.5091199988,1025184.2489031666
2021-03-10,1262941.5454300004,1169051.5219400006,914228.7495000003,925071.8131899999,1001557.0886399987,1063344.4365517243
2021-03-11,1314074.3162100003,1204540.448230001,950029.9995000003,962485.8031899999,1002308.6881399987,1105959.1639375784
2021-03-12,1317985.4475700003,1206240.4650400006,972940.9995000003,980927.3231899999,1001868.6236199986,1113273.8337947824
2021-03-15,1221934.0775700004,1142123.8350400005,965207.7495000003,973842.6431899999,1001894.9414399986,1059576.432429869
2021-03-16,1233762.8257100002,1148384.9400400007,968274.4995000003,978301.7731899999,1001184.1991199986,1057490.9544446294
2021-03-17,1231319.7143600003,1146365.8490400007,951820.2495000003,961467.4431899999,1001119.1205399986,1052211.598982011
2021-03-18,1264732.95626,1166733.2320400006,950047.2495000003,959093.61319,1000884.7422999986,1066593.4392080428
2021-03-19,1194840.5899900002,1120027.7740400007,925203.4995000003,933676.8031899999,1000043.1252799986,1018682.0552367825
2021-03-22,1177434.01154,1111518.1200400006,933919.9995000003,942285.7231899998,1000787.9526199986,1017084.5526812421
2021-03-23,1168153.2432400004,1105538.0210400005,928110.4995000003,936555.6631899999,1000678.6161199986,1010640.5449138436
2021-03-24,1167926.1610500002,1102562.6250400003,911819.7495000003,919575.5431899999,1000063.0401799986,1001143.1306101386
2021-03-25,1226553.3672800004,1136154.6260400005,913426.9995000003,920809.25319,999779.2273799985,1030899.483118486
2021-03-26,1283208.26222,1169777.3300400004,920360.7495000003,928097.4831899998,999992.9360199985,1063619.675829152
2021-03-29,1288145.76422,1173443.542040001,927624.4995000003,935589.6031899998,1000267.4235799987,1068589.4797317183
2021-03-30,1347403.6726400005,1206994.5300400006,926334.4995000003,934799.4331899999,1000443.2897599986,1099551.5626296778
2021-03-31,1319375.96876,1190452.2760400006,921664.9995000003,930565.3431899998,1000455.2150599986,1081005.6611077976
2021-04-01,1357451.2668000003,1213730.160040001,924403.9995000003,932926.29319,1000887.3602999987,1106536.7057012646
2021-04-02,1378143.9265200002,1226633.0930400006,921656.7495000003,929242.5531899999,1001102.4033999987,1120948.4765475385
2021-04-06,1328315.9890800004,1199914.0440400003,917785.9995000003,926708.4231899999,1001012.5054399986,1092204.803539146
2021-04-07,1331340.6646900002,1201461.3700400006,926656.2495000003,935270.63319,1000864.7679199986,1095605.6179097616
2021-04-08,1371479.9488800005,1219745.9310400006,919237.9995000003,928297.6431899999,1000815.1911199987,1112756.9587242247
2021-04-09,1312595.1671400005,1189462.8600400006,909880.9995000003,918923.7731899997,1000525.2545599986,1078078.5173279282
2021-04-12,1252390.6981600004,1157917.353040001,902623.9995000003,913540.2731899999,1000383.6793999986,1040966.3202232277
2021-04-13,1267073.6525800002,1164079.4420400006,896645.7495000003,911103.9331899999,1000483.8649199987,1047027.8668572605
2021-04-14,1275818.0625400003,1169297.6360400007,901480.9995000003,914729.03319,1000366.1299599987,1054481.7189313076
2021-04-15,1266662.2464800004,1163587.2580400007,894382.2495000003,908849.4531899999,1000306.9155599986,1046446.587793307
2021-04-16,1268071.3920900002,1165244.2180400009,901801.2495000003,915827.0531899999,1000285.5814399986,1049822.4653500717
2021-04-19,1280186.8165500003,1176244.3320400007,908737.9995000003,922179.66319,1000971.3074199986,1064045.2770061183
2021-04-20,1314561.7714900002,1187067.532040001,903250.9995000003,916130.36319,1000457.5701799985,1077899.0624788972
2021-04-21,1327301.9545100003,1191799.866040001,898413.4995000003,911060.3431899999,1000504.7353399985,1083323.3027630763
2021-04-22,1319630.3941000002,1189063.2240400007,896475.4995000003,909300.1131899998,1000504.6002799984,1079359.6703031028
2021-04-23,1401694.5742400002,1219784.065040001,894212.7495000003,907527.2731899999,1000465.4052199984,1122451.4511808064
2021-04-26,1375849.5668000004,1208774.4460400008,885824.7495000003,899113.02319,1000347.5503399986,1105895.9520140954
2021-04-27,1418232.8537500005,1218924.815040001,874212.4995000003,887376.37319,999966.3559999986,1121656.9526929953
2021-04-28,1454747.8638100002,1231271.4750400009,883564.9995000003,895927.53319,999636.2233999986,1142644.600013506
2021-04-29,1487406.8264700002,1246750.840040001,889213.9995000003,900549.7431899998,1000091.3522999985,1164734.0421144767
2021-04-30,1476580.5283300004,1241005.825040001,877927.2495000003,885809.12319,999602.8191399985,1154746.1071507183
2021-05-06,1392304.2219800004,1214560.7450400009,884056.9995000003,891365.12319,999335.0881799984,1111067.8278759297
2021-05-07,1340635.61623,1201162.133040001,899058.4995000003,907241.6631899999,999478.3184199984,1088025.1486801144
2021-05-10,1369031.6047400003,1206750.976040001,897772.2495000003,906315.53319,999433.1880199985,1100701.9100955047
2021-05-11,1399446.75349,1213738.5310400007,886159.2495000003,895051.3031899999,999527.9778199984,1113803.3705809
2021-05-12,1426269.4854400004,1220610.194040001,883414.9995000003,894248.1831899999,999777.5471999985,1127855.5229307858
2021-05-13,1433199.0089800004,1220009.7690400009,878901.4995000003,888868.1431899999,999567.6554799984,1128831.8604074533
2021-05-14,1427105.85908,1224654.7760400008,893419.2495000003,902520.3731899998,999865.2246799985,1132428.3353342924
2021-05-17,1494880.2540300004,1245974.663040001,900834.4995000003,910428.9831899999,1000210.0925799985,1175336.0541738428
2021-05-18,1491696.3485000003,1242495.5310400007,893252.7495000003,903283.7631899999,1000099.0789799985,1170414.4485574793
2021-05-19,1470229.174,1235491.9450400008,885505.2495000003,896588.52319,999955.1058599985,1156109.1585507109
2021-05-20,1478639.2113300003,1233496.156040001,883570.9995000003,894692.33319,999707.9933599986,1157790.3315268855
2021-05-21,1510153.4424100004,1236510.8770400009,879054.4995000003,889452.8631899998,999394.3019199985,1172321.43823686
2021-05-24,1516102.6821400002,1240620.947040001,877442.7495000003,887396.4431899999,999662.0718199986,1177157.6336548787
2021-05-25,1558129.82631,1254181.1510400008,889867.2495000003,900279.99319,1000341.6205799985,1206213.1457088317
2021-05-26,1546542.4775200002,1250555.099040001,889866.4995000003,900752.4131899999,1000232.4664599985,1198845.444849562
2021-05-27,1560164.6471400002,1265370.5470400008,887447.7495000003,897581.36319,1001265.2527999985,1213594.8292259972
2021-05-28,1517685.8763100002,1258679.6010400008,879059.7495000003,890757.2131899999,1001513.6747999985,1188696.6448837903
2021-05-31,1542828.9354800002,1262553.4680400006,877927.2495000003,888989.32319,1001383.9357599985,1202700.437856944
2021-06-01,1616299.8023400004,1270226.4760400008,873574.2495000003,883445.0531899999,1001354.8772599985,1241089.857327918
2021-06-02,1617117.5782100004,1263453.1720400008,866800.2495000003,876624.0231899999,1000914.2988799985,1236416.5888706804
2021-06-03,1603683.5153000006,1263428.953040001,867929.7495000003,876624.3631899998,1000787.8023199985,1229848.638050459
2021-06-04,1637215.4085200003,1274462.561040001,865509.4995000003,875193.2031899999,1001675.8262799986,1252533.8251448653
2021-06-07,1616749.9064500006,1277358.4480400009,869863.2495000003,878992.9731899999,1001768.7865999986,1244361.9603660596
2021-06-08,1356661.4650200002,1272213.8690400007,875666.7495000003,885481.2031899999,1002073.6865399986,1108274.7758521948
2021-06-09,1363964.3332700003,1273020.7410400007,873246.4995000003,883095.9831899999,1002132.8252399986,1112137.758949803
2021-06-10,1396864.2786600003,1268178.1618700004,866794.2495000003,877223.1831899999,1001924.3636999986,1126062.746436291
2021-06-11,1364230.9420800004,1252565.4778700003,861635.7495000003,871368.55319,1000843.5629999986,1099672.9282340407
2021-06-15,1346251.3539900004,1248181.8742700005,845504.7495000003,855809.6931899999,1000823.4266399986,1085189.9231559515
2021-06-16,1279420.6941800003,1242119.0292700008,845835.4995000003,854746.1131899998,1000436.7503599986,1045647.9331698545
2021-06-17,1278663.0841800002,1238983.179270001,792776.7495000003,804176.5131899999,1001802.4556199985,1034502.1761397347
2021-06-18,1311892.8520200003,1238573.6772700006,774877.2495000003,786112.4731899999,1002176.7554599986,1048950.8689351995
2021-06-21,1361226.5532000002,1227173.7322700007,744723.4995000003,756014.64319,1002135.9738199986,1064500.1000050001
2021-06-22,1410356.4344300004,1234475.9372700006,752788.2495000003,763789.4631899999,1002487.7323399986,1096269.1497976962
2021-06-23,1422128.7198000003,1244720.1732700008,760527.4995000003,770752.01319,1002840.8694799985,1109060.0277436553
2021-06-24,1408081.9614200003,1237752.577270001,754724.7495000003,765381.4631899999,1002665.9652399987,1097013.5813491705
2021-06-25,1450685.2096000004,1243897.036270001,764562.4995000003,775848.1331899998,1003047.6616799986,1124865.5538447024
2021-06-28,1458112.1660000002,1240201.045270001,764882.7495000003,775038.03319,1002482.8966399987,1127261.2921883208
2021-06-29,1461204.8131500003,1225622.371270001,748109.7495000003,758386.9831899999,1001759.9537799987,1118871.278615477
2021-06-30,1450087.1373800004,1237350.675270001,746819.7495000003,758073.8431899999,1002756.8336999987,1117705.7564218417
2021-07-01,1546738.6371800003,1228757.406270001,756657.4995000003,769017.5431899999,1002269.3697999986,1168232.6062179396
2021-07-02,1436613.4392300004,1218587.1292700008,734885.7495000003,747138.0731899998,1001879.9877599987,1099600.7596771591
2021-07-05,1426630.0907200002,1223867.8562700008,732142.9995000003,744118.0331899999,1002159.6871999986,1095885.4643763115
2021-07-06,1360276.0978600003,1233715.927270001,740046.4995000003,752211.4831899999,1002779.6455799986,1066443.141744716
2021-07-07,1449746.2442000003,1240776.587270001,737788.9995000003,749675.86319,1003215.7416199986,1116870.5342483618
2021-07-08,1410841.8022400006,1236093.1392700006,721823.7495000003,732712.9631899999,1002932.5760199988,1089653.2906542234
2021-07-09,1400428.8110600004,1230186.8732700008,716824.9995000003,726371.4731899998,1002380.3514799987,1080168.1514488095
2021-07-12,1484976.8583800003,1238947.9162700009,716988.4995000003,724476.5731899999,1002611.5489999986,1128556.2989489678
2021-07-13,1460269.6946500004,1227570.4752700008,717473.7495000003,724801.9831899999,1001931.0056599986,1110870.4275419957
2021-07-14,1489318.8988800002,1215174.9422700007,701827.9995000003,708932.49319,1001172.0648399986,1117115.9073417587
2021-07-15,1522009.4864900005,1221244.571270001,715535.7495000003,718271.4531899999,1000546.3268199986,1140113.3523171004
2021-07-16,1522672.5783300002,1208517.9402700006,707633.7495000003,710664.25319,999912.8310999986,1133377.545165918
2021-07-19,1545481.3063300005,1207691.4642700008,697309.9995000003,700821.62319,999940.0976999985,1142695.7623654378
2021-07-20,1525417.9512900002,1237069.8022700008,701827.2495000003,704157.5831899999,1001490.9641999985,1144155.3714283651
2021-07-21,1536661.0133800006,1265386.5402700007,706015.9995000003,708093.9231899999,1002909.4650599986,1162321.2281748108
2021-07-22,1496782.7235900003,1303528.695270001,719892.4995000003,720181.5431899999,1005003.4407799987,1158243.3180937397
2021-07-23,1431175.5876700005,1304262.3962700008,712645.2495000003,710723.7131899999,1005058.8889399986,1119738.2356231215
2021-07-26,1387275.5387700005,1300789.607270001,685557.4995000003,682695.2531899998,1005053.1568999985,1086042.7364151713
2021-07-27,1351682.8968700003,1269447.447270001,657810.4995000003,656966.79319,1003440.2048799986,1047795.1410457119
2021-07-28,1419200.1103300003,1278494.227270001,658937.7495000003,659656.4731899999,1004198.7586199985,1088841.684352259
2021-07-29,1445318.0434300003,1315302.6152700009,650212.9995000003,653700.01319,1006206.4496599985,1114377.2394805306
2021-07-30,1396171.4087500002,1310970.2712700008,656199.4995000003,654437.9531899999,1005696.8935799985,1086485.9931140884
2021-08-02,1419810.7921700005,1307183.2302700006,712639.9995000003,709737.38319,1004901.5392999984,1115987.6937145826
2021-08-03,1472089.3716400005,1306643.374270001,718771.9995000003,714035.1331899998,1004639.1878199984,1145120.174823174
2021-08-04,1473021.7930400004,1349199.7812700006,721185.4995000003,717014.9031899999,1006869.8372599983,1160655.294362656
2021-08-05,1490168.8183000004,1334722.118270001,732148.9995000003,727935.8931899999,1005922.5788999983,1168863.726691489
2021-08-06,1373900.9601900002,1320307.9072700008,719411.7495000003,714795.4731899999,1005202.4238399984,1097227.5095713548
2021-08-09,1337376.6820000005,1314069.7402700009,754891.9995000003,749516.7331899999,1004705.1912799984,1086829.631430025
2021-08-10,1361694.9671400003,1316680.3992700009,756177.4995000003,753141.4231899999,1005128.4404399984,1101555.657679791
2021-08-11,1342864.5381300002,1310136.842270001,747955.2495000003,747298.38319,1005378.5481399985,1086937.755392924
2021-08-12,1305912.7634900005,1312389.013270001,745212.4995000003,743960.32319,1005325.8349799985,1067190.344053285
2021-08-13,1301720.0907800002,1298966.310270001,748756.2495000003,747899.1031899999,1004517.0019999985,1062211.100245734
2021-08-16,1282671.6245100002,1300209.943270001,753595.2495000003,752183.2931899999,1004510.9717799985,1053940.6158452253
2021-08-17,1226084.77255,1274321.0522700008,760690.9995000003,759157.50319,1003130.2215799985,1018623.8049015851
2021-08-18,1215254.9980500003,1269502.896270001,774083.7495000003,771723.9831899999,1003047.1960599985,1015456.9261968255
2021-08-19,1232869.7940500004,1269399.311270001,751502.7495000003,749829.1231899998,1002999.5308199985,1017303.7968908752
2021-08-20,1164664.2434100003,1270715.004270001,765367.2495000003,764069.1231899998,1002975.5457399985,987621.6426800721
2021-08-23,1173559.4757500002,1291023.275270001,756820.9995000003,755514.9131899999,1004039.8407399985,995182.5233014225
2021-08-24,1234412.9956900002,1289998.116270001,743598.4995000003,742685.1231899998,1004099.6921799985,1021348.425668706
2021-08-25,1248503.9668500004,1283416.3942700012,741838.9995000003,737373.0831899999,1003642.0234199985,1024836.1967067424
2021-08-26,1190105.0341300005,1267711.849270001,726203.7495000003,720455.0631899999,1002862.7161799984,984336.7168358418
2021-08-27,1226708.9048100002,1262668.3902700013,725079.4995000003,718101.8431899999,1002547.4515199984,1000912.2556643296
2021-08-30,1230071.0894500003,1252233.650270001,693796.2495000003,686254.5631899999,1001896.7478999984,988552.2948827853
2021-08-31,1252637.9124100003,1258519.1912700012,735561.4995000003,728243.4431899999,1002305.3064199984,1016621.4496291825
2021-09-01,1256304.9216400003,1233881.916270001,796071.4995000003,780741.5431899998,1001191.3235999984,1030167.1333566678
2021-09-02,1219396.8104300003,1228551.6182700011,801079.9995000003,783803.75319,1000945.5844199985,1010704.7555986047
2021-09-03,1264027.6270700002,1223989.1742700012,803321.7495000003,790058.8031899999,1000883.8460399983,1034660.1092941244
2021-09-06,1327694.40421,1239169.9512700012,838810.9995000003,821814.1931899999,1001489.3478599984,1083192.8516528918
2021-09-07,1332821.7486300005,1239385.1552700014,833335.2495000003,816152.06319,1001755.8077199983,1083424.8542324023
2021-09-08,1321063.8389400002,1239947.4752700012,821237.7495000003,807429.2131899999,1002327.9067199982,1073403.9923645668
2021-09-09,1330167.0502600002,1233404.2632700012,846890.7495000003,829840.2231899998,1001997.0438799981,1084759.0059915367
2021-09-10,1331878.0243400005,1258328.3502700012,870267.4995000003,854370.6631899999,1003292.7220999982,1100924.9882597222
2021-09-13,1294993.5472700004,1244000.2452700012,902524.9995000003,884824.68319,1002633.1761799981,1088931.6050854088
2021-09-16,1340172.2372700004,1237338.2852700013,844118.7495000003,830615.64319,1000534.3311799981,1095845.1595260173
2021-09-17,1336139.2722700003,1228684.9762700014,849433.2495000003,837550.4631899999,1000553.2739999981,1135472.6885828828
2021-09-22,1356076.6672700003,1216555.1642700017,851377.2495000003,835690.3431899999,1000502.0967599981,1142226.570091391
2021-09-23,1423829.8952700002,1215536.1882700014,868149.4995000003,852336.7831899999,1000757.959679998,1135404.2573262684
2021-09-24,1432501.9932700002,1222972.3762700015,797989.2495000003,785875.52319,1000276.321799998,1109483.6636161704
2021-09-27,1408056.2659500004,1225278.9391700015,765559.2495000003,757420.0931899999,1000907.3054199981,1104849.4757212088
2021-09-28,1410539.2559500004,1219774.4931700015,770560.2495000003,762980.36319,1001262.4670799981,1104540.50408706
2021-09-29,1414456.8189500005,1233731.6441700016,749428.9995000003,744250.99319,1000264.4076399981,1086547.5296960725
2021-09-30,1409921.5169500003,1235854.3771700016,749592.4995000003,743469.1631899999,999828.7712799981,1096957.9084624334
2021-10-08,1402561.0689500005,1214896.2171700017,757494.4995000003,752189.43319,1001667.2762599982,1094251.0076534755
2021-10-11,1423115.9859500004,1208769.4061700015,764747.7495000003,761048.1031899999,1001876.4155999982,1061862.9836130983
2021-10-12,1399555.2929500004,1238174.3141700018,761672.7495000003,760036.4831899998,1000951.3142999981,1061940.661466063
2021-10-13,1342250.3599500004,1237433.2741700015,751838.7495000003,749274.84319,1001332.8158199983,1087824.5909718166
2021-10-14,1349663.0199500003,1221767.951170002,737323.2495000003,735477.4331899999,1000916.8761799982,1056872.4956866398
2021-10-15,1392546.9599500005,1231133.9441700017,737803.9995000003,736570.2331899999,1001446.3377999982,1066671.0204066904
2021-10-18,1355982.1339500004,1224347.5261700018,746997.4995000003,744499.79319,1000436.9178199982,1058189.894030784
2021-10-19,1365848.4159500003,1233494.1201700016,740389.2495000003,738023.8331899999,1000150.4008799982,1059054.4024623912
2021-10-20,1354764.1359500005,1218597.5181700017,738934.2495000003,736893.2031899999,999863.0247999983,1037224.8960386163
2021-10-21,1363939.1599500005,1211403.6351700018,730224.4995000003,729915.87319,999480.9895799983,1033794.4087926043
2021-10-22,1333411.7859500006,1208236.3511700016,741992.7495000003,741937.6631899999,1000253.6554999984,1036415.1583867852
2021-10-25,1338021.1109500004,1197712.6801700017,719581.9995000003,718984.4431899999,1000246.7791199982,1025509.8772979886
2021-10-26,1328490.2209500005,1210880.8641700016,715225.2495000003,715007.2231899999,1000517.0427599981,1023444.2778839972
2021-10-27,1325672.4979500007,1212012.3521700017,698930.7495000003,700389.2031899999,1000225.3655999982,1001579.1704533679
2021-10-28,1322149.3609500006,1217367.2571700015,697959.4995000003,699574.7631899999,1000232.0292999982,996170.1371151031
2021-10-29,1301281.4399500005,1213563.3861700017,699090.4995000003,699584.3231899998,1000927.5329799982,1017922.9966652971
2021-11-01,1292728.1449500003,1215728.5991700017,697159.9995000003,697711.1831899999,1001269.3946199982,981999.4221360553
2021-11-02,1315254.3509500003,1228734.0661700016,684409.9995000003,686082.49319,1001324.1352599983,986693.8578887706
2021-11-03,1270018.5419500005,1230905.9281700016,695375.7495000003,696063.2531899998,1000484.6357399983,990454.9995541014
2021-11-04,1277597.0339500003,1236030.5241700015,696988.9995000003,697174.8331899999,1001795.4986599983,971142.1782429327
2021-11-05,1281261.4609500004,1225663.9221700018,692629.9995000003,693342.79319,1001345.5577799983,967725.8025272398
2021-11-08,1248202.3049500005,1245981.4211700018,693279.4995000003,693209.00319,1001296.8381999983,951418.5760834432
2021-11-09,1246936.3539500004,1241250.7491700016,694730.7495000003,695111.6331899998,1002145.8187599982,974271.8450355507
2021-11-10,1228710.9829500003,1240260.0491700016,676513.2495000003,676122.4131899999,1002473.7368799982,975408.0809710587
2021-11-11,1250299.5149500004,1250768.8651700018,712153.9995000003,710997.4631899999,1002844.5940599982,997954.3113753626
2021-11-12,1258089.6859500003,1256502.0241700015,699896.7495000003,699104.24319,1003083.1301799982,989273.3360894849
2021-11-15,1267391.4099500005,1259427.7611700017,702317.7495000003,700699.0231899999,1003033.7056199982,1001419.4008669505
2021-11-16,1261007.8439500004,1263495.3541700016,684415.2495000003,684047.6331899998,1002172.2411999982,1013271.797610499
2021-11-17,1273151.5739500003,1263884.9961700016,682643.7495000003,681683.0231899999,1002115.4592199982,1012673.314078075
2021-11-18,1297110.51695,1251825.1621700015,681189.4995000003,680875.0231899999,1001526.0173999983,984112.9620914034
2021-11-19,1297660.38195,1251661.4801700015,689092.2495000003,688486.8331899998,1002002.9172399982,986171.5057402354
2021-11-22,1271926.7879500005,1243901.7681700017,685542.4995000003,684988.2031899999,1003545.0157399982,986234.4277007665
2021-11-23,1269028.8629500002,1249599.9831700015,690554.7495000003,687278.4131899999,1003294.2699199981,991422.7670146395
2021-11-24,1262026.1949500002,1270055.4841700017,690394.9995000003,686811.2131899999,1002834.6047999982,1002699.522862741
2021-11-25,1268830.3629500002,1267365.5471700015,687009.4995000003,683171.4031899999,1002568.0609599982,1008510.380415928
2021-11-26,1281552.43495,1261864.7421700016,676523.7495000003,673483.78319,1002113.0578599982,1024760.0653228536
2021-11-29,1289025.4939500005,1259124.3091700017,668619.4995000003,665862.7531899998,1001207.9160199981,1033099.1420705054
2021-11-30,1307524.03995,1254255.2271700017,669907.9995000003,667438.7531899998,1001149.6966799982,1037949.642327477
2021-12-01,1319844.2589500002,1244697.0841700016,678137.7495000003,674758.9831899999,1000326.9174999982,1046907.8866314449
2021-12-02,1323386.31095,1243923.1851700014,710400.4995000003,703973.1931899999,1000385.1805799982,1037723.3745707902
2021-12-03,1332880.48495,1233881.6461700017,709113.4995000003,702247.4031899999,1000985.2834999983,1040669.3659425238
2021-12-06,1317893.26595,1235056.9371700014,715719.4995000003,710458.64319,1000603.4647799982,1017912.4613447167
2021-12-07,1319056.2909500003,1241488.9881700014,732016.9995000003,724777.0831899999,1000183.8070999982,1020871.9843208655
2021-12-08,1301429.34095,1235523.1181700015,724921.2495000003,717643.86319,1001327.5705599983,1036736.6950821768
2021-12-09,1303156.44195,1230475.8571700016,740242.9995000003,732710.3031899999,1004065.4309199983,1063644.25824384
2021-12-10,1311834.66795,1243099.6181700015,727014.4995000003,720479.6731899999,1002150.9238799983,1043302.6161617357
2021-12-13,1318365.75495,1270213.0651700017,747174.4995000003,739507.6731899999,1002470.7019999983,1031648.2641142367
2021-12-14,1312789.42295,1251296.1781700016,726685.9995000003,720603.0231899999,1002776.4192599984,1037833.6249286692
2021-12-15,1300101.8329500002,1254789.7121700016,728463.4995000003,721573.4231899999,1002103.0756999984,972574.5307883951
2021-12-16,1305249.73995,1258596.6781700016,737824.2495000003,729221.2331899999,1002110.4339399985,979986.8537241293
2021-12-17,1269084.97295,1252391.5611700015,736535.7495000003,727486.2231899998,1001380.8521599984,975437.3672291861
2021-12-20,1272823.23895,1252847.7191700016,743476.2495000003,732907.8231899999,1001079.1123199984,929100.7398308059
2021-12-21,1272580.48895,1246446.6101700016,759445.2495000003,748144.6631899999,1001532.5732799985,952990.6907716518
2021-12-22,1248983.4839499998,1244255.1211700016,759278.7495000003,749226.0731899999,1003237.9330399985,950674.2089681802
